brand,description,image_urls,name,product_id,skus,url
Simone Perele,"Simone Perele ""Saga Tattoo"" lace-embroidered boyshorts. Low rise sits across hips. Contrast solid waistband. Scalloped leg openings. Allover tulle back for seamless look under clothing. Moderate seat coverage. Nylon/polyester/spandex/cotton. Imported. Model's measurements: Height 5'10""/177cm, bust 32""/81cm, waist 24.5""/62cm, hips 36""/91cm, dress size US 2/4.","https://images.neimanmarcus.com/ca/1/product_assets/I/2/0/3/M/NMI203M_mu.jpg,https://images.neimanmarcus.com/ca/1/product_assets/I/2/0/3/M/NMI203M_au.jpg",Saga Tattoo Lace Boyshorts,prod233890082,"{'sku189430398': {'price': '34.50', 'old_prices': [], 'currency': '$', 'availability': True, 'color': 'RUBY', 'size': 'Large'}, 'sku189430399': {'price': '34.50', 'old_prices': [], 'currency': '$', 'availability': True, 'color': 'RUBY', 'size': 'Large'}, 'sku189430400': {'price': '34.50', 'old_prices': [], 'currency': '$', 'availability': True, 'color': 'RUBY', 'size': 'Large'}, 'sku189430401': {'price': '34.50', 'old_prices': [], 'currency': '$', 'availability': True, 'color': 'RUBY', 'size': 'Large'}}",https://www.neimanmarcus.com/p/simone-perele-saga-tattoo-lace-boyshorts-prod233890082
Johnny Was,"Johnny Was ""Mizumi"" reversible bomber jacket in floral prints with striped trim. Baseball collar; zipper front. Long sleeves. Side slip pockets. Relaxed silhouette. Cupro/rayon. Machine wash. Imported. Model is 5'10""/177cm and wearing size S. Please note: This merchandise may have a distressed effect. It is a unique feature that enhances the product and is not considered a defect.","https://images.neimanmarcus.com/ca/1/product_assets/T/0/L/U/8/NMT0LU8_au.jpg,https://images.neimanmarcus.com/ca/1/product_assets/T/0/L/U/8/NMT0LU8_bu.jpg,https://images.neimanmarcus.com/ca/1/product_assets/T/0/L/U/8/NMT0LU8_mu.jpg,https://images.neimanmarcus.com/ca/1/product_assets/T/0/L/U/8/NMT0LU8_cu.jpg",Mizumi Reversible Bomber Jacket,prod229790038,"{'sku192830077': {'price': '575.00', 'old_prices': [], 'currency': '$', 'availability': False, 'color': 'MULTI', 'size': 'X-Small'}, 'sku192830079': {'price': '575.00', 'old_prices': [], 'currency': '$', 'availability': False, 'color': 'MULTI', 'size': 'X-Small'}, 'sku192830081': {'price': '575.00', 'old_prices': [], 'currency': '$', 'availability': False, 'color': 'MULTI', 'size': 'X-Small'}, 'sku192830082': {'price': '575.00', 'old_prices': [], 'currency': '$', 'availability': False, 'color': 'MULTI', 'size': 'X-Small'}, 'sku192830083': {'price': '575.00', 'old_prices': [], 'currency': '$', 'availability': False, 'color': 'MULTI', 'size': 'X-Small'}, 'sku192830085': {'price': '575.00', 'old_prices': [], 'currency': '$', 'availability': False, 'color': 'MULTI', 'size': 'X-Small'}}",https://www.neimanmarcus.com/p/mizumi-bomber-prod229790038
Wacoal,"Wacoal ""Net Effect"" contour T-shirt bra with engineered flat edge jacquard wing. Tailored neckline and smooth finish lie flat under clothing. Stretch-foam contour cups with underwire for support. Ideal for larger cup sizes, CDDD. Adjustable shoulder straps. Hook-eye back closure. Nylon/spandex. Imported.","https://images.neimanmarcus.com/ca/2/product_assets/I/1/Q/Q/T/NMI1QQT_mu.jpg,https://images.neimanmarcus.com/ca/2/product_assets/I/1/Q/Q/T/NMI1QQT_au.jpg",Net Effect Contour Bra,prod219400046,"{'sku185050198': {'price': '36.60', 'old_prices': [], 'currency': '$', 'availability': True, 'color': 'ROSEDUST', 'size': '38C EU (38C US)'}, 'sku185050211': {'price': '36.60', 'old_prices': [], 'currency': '$', 'availability': True, 'color': 'ROSEDUST', 'size': '38C EU (38C US)'}, 'sku185050213': {'price': '36.60', 'old_prices': [], 'currency': '$', 'availability': True, 'color': 'ROSEDUST', 'size': '38C EU (38C US)'}, 'sku185050216': {'price': '36.60', 'old_prices': [], 'currency': '$', 'availability': True, 'color': 'ROSEDUST', 'size': '38C EU (38C US)'}, 'sku185050219': {'price': '36.60', 'old_prices': [], 'currency': '$', 'availability': True, 'color': 'ROSEDUST', 'size': '38C EU (38C US)'}, 'sku185050251': {'price': '36.60', 'old_prices': [], 'currency': '$', 'availability': True, 'color': 'ROSEDUST', 'size': '38C EU (38C US)'}, 'sku185050275': {'price': '36.60', 'old_prices': [], 'currency': '$', 'availability': True, 'color': 'ROSEDUST', 'size': '38C EU (38C US)'}, 'sku185050276': {'price': '36.60', 'old_prices': [], 'currency': '$', 'availability': True, 'color': 'ROSEDUST', 'size': '38C EU (38C US)'}, 'sku185050277': {'price': '36.60', 'old_prices': [], 'currency': '$', 'availability': True, 'color': 'ROSEDUST', 'size': '38C EU (38C US)'}, 'sku185050278': {'price': '36.60', 'old_prices': [], 'currency': '$', 'availability': True, 'color': 'ROSEDUST', 'size': '38C EU (38C US)'}, 'sku185050279': {'price': '36.60', 'old_prices': [], 'currency': '$', 'availability': True, 'color': 'ROSEDUST', 'size': '38C EU (38C US)'}, 'sku185050280': {'price': '36.60', 'old_prices': [], 'currency': '$', 'availability': True, 'color': 'ROSEDUST', 'size': '38C EU (38C US)'}, 'sku185050281': {'price': '36.60', 'old_prices': [], 'currency': '$', 'availability': True, 'color': 'ROSEDUST', 'size': '38C EU (38C US)'}, 'sku185050282': {'price': '36.60', 'old_prices': [], 'currency': '$', 'availability': True, 'color': 'ROSEDUST', 'size': '38C EU (38C US)'}, 'sku185050283': {'price': '36.60', 'old_prices': [], 'currency': '$', 'availability': True, 'color': 'ROSEDUST', 'size': '38C EU (38C US)'}, 'sku185050284': {'price': '36.60', 'old_prices': [], 'currency': '$', 'availability': True, 'color': 'ROSEDUST', 'size': '38C EU (38C US)'}, 'sku185060244': {'price': '36.60', 'old_prices': [], 'currency': '$', 'availability': True, 'color': 'ROSEDUST', 'size': '38C EU (38C US)'}, 'sku185060245': {'price': '36.60', 'old_prices': [], 'currency': '$', 'availability': True, 'color': 'ROSEDUST', 'size': '38C EU (38C US)'}, 'sku185060309': {'price': '36.60', 'old_prices': [], 'currency': '$', 'availability': True, 'color': 'ROSEDUST', 'size': '38C EU (38C US)'}, 'sku185060314': {'price': '36.60', 'old_prices': [], 'currency': '$', 'availability': True, 'color': 'ROSEDUST', 'size': '38C EU (38C US)'}, 'sku185060315': {'price': '36.60', 'old_prices': [], 'currency': '$', 'availability': True, 'color': 'ROSEDUST', 'size': '38C EU (38C US)'}, 'sku185060332': {'price': '36.60', 'old_prices': [], 'currency': '$', 'availability': True, 'color': 'ROSEDUST', 'size': '38C EU (38C US)'}, 'sku185060354': {'price': '36.60', 'old_prices': [], 'currency': '$', 'availability': True, 'color': 'ROSEDUST', 'size': '38C EU (38C US)'}, 'sku185060355': {'price': '36.60', 'old_prices': [], 'currency': '$', 'availability': True, 'color': 'ROSEDUST', 'size': '38C EU (38C US)'}, 'sku185060357': {'price': '36.60', 'old_prices': [], 'currency': '$', 'availability': True, 'color': 'ROSEDUST', 'size': '38C EU (38C US)'}, 'sku185060358': {'price': '36.60', 'old_prices': [], 'currency': '$', 'availability': True, 'color': 'ROSEDUST', 'size': '38C EU (38C US)'}, 'sku185060361': {'price': '36.60', 'old_prices': [], 'currency': '$', 'availability': True, 'color': 'ROSEDUST', 'size': '38C EU (38C US)'}}",https://www.neimanmarcus.com/p/wacoal-net-effect-contour-bra-prod219400046
Eileen Fisher,"Eileen Fisher pants in signature washable stretch crepe, offering elegant day-to-night texture with remarkable fit memory. Approx. 26.5"" inseam. Mid rise. Flat front legs. Fitted through skinny legs. Pull-on style. Viscose/nylon/spandex. Machine wash. Made in USA of imported material. Model is 5'10""/177cm and wearing size S.","https://images.neimanmarcus.com/ca/1/product_assets/T/1/2/Z/L/NMT12ZL_au.jpg,https://images.neimanmarcus.com/ca/1/product_assets/T/1/2/Z/L/NMT12ZL_eu.jpg,https://images.neimanmarcus.com/ca/1/product_assets/T/1/2/Z/L/NMT12ZL_mu.jpg",Washable Stretch Crepe Ankle Pants,prod233880075,"{'sku192132375': {'price': '83.50', 'old_prices': [], 'currency': '$', 'availability': True, 'color': 'ZINC', 'size': 'X-Small'}, 'sku192132377': {'price': '83.50', 'old_prices': [], 'currency': '$', 'availability': True, 'color': 'ZINC', 'size': 'X-Small'}, 'sku192132385': {'price': '83.50', 'old_prices': [], 'currency': '$', 'availability': True, 'color': 'ZINC', 'size': 'X-Small'}, 'sku192132386': {'price': '83.50', 'old_prices': [], 'currency': '$', 'availability': True, 'color': 'ZINC', 'size': 'X-Small'}, 'sku192132389': {'price': '83.50', 'old_prices': [], 'currency': '$', 'availability': True, 'color': 'ZINC', 'size': 'X-Small'}, 'sku192132390': {'price': '83.50', 'old_prices': [], 'currency': '$', 'availability': True, 'color': 'ZINC', 'size': 'X-Small'}}",https://www.neimanmarcus.com/p/eileen-fisher-washable-stretch-crepe-ankle-pants-prod233880075
Eileen Fisher,"Eileen Fisher long cardigan in a soft knit with finely spun threads of steel for texture and shape. Approx. 31.5""L from shoulder to hem. Open front. Long sleeves. Patch pockets at hips. Relaxed silhouette. Hem hits below thighs. Tencel® lyocell/metal. Hand wash. Imported.","https://images.neimanmarcus.com/ca/1/product_assets/T/1/3/2/Z/NMT132Z_au.jpg,https://images.neimanmarcus.com/ca/1/product_assets/T/1/3/2/Z/NMT132Z_mu.jpg",Petite Lyocell Metal Long Cardigan,prod233880139,"{'sku192412019': {'price': '139.00', 'old_prices': [], 'currency': '$', 'availability': True, 'color': 'IVORY', 'size': 'Petite X-Small'}, 'sku192412164': {'price': '139.00', 'old_prices': [], 'currency': '$', 'availability': True, 'color': 'IVORY', 'size': 'Petite X-Small'}, 'sku192412382': {'price': '139.00', 'old_prices': [], 'currency': '$', 'availability': True, 'color': 'IVORY', 'size': 'Petite X-Small'}, 'sku192412399': {'price': '139.00', 'old_prices': [], 'currency': '$', 'availability': True, 'color': 'IVORY', 'size': 'Petite X-Small'}}",https://www.neimanmarcus.com/p/eileen-fisher-petite-lyocell-metal-long-cardigan-prod233880139
Flora Bella,"Flora Bella ""Obsidian"" kimono coverup in shimmery sequined knit. Approx. 57""L down center back. Open front. Half sleeves. Self-tie front straps. Relaxed, easy fit. Ankle length. Viscose, exclusive of trim. Dry clean. Imported.","https://neimanmarcus.scene7.com/is/image/NeimanMarcus/NMT12XB_0M_a?&wid=456&height=570,https://images.neimanmarcus.com/ca/2/product_assets/T/1/2/X/B/NMT12XB_au.jpg,https://neimanmarcus.scene7.com/is/image/NeimanMarcus/NMT12XB_80_a?&wid=456&height=570,https://neimanmarcus.scene7.com/is/image/NeimanMarcus/NMT12XB_0M_m?&wid=456&height=570,https://neimanmarcus.scene7.com/is/image/NeimanMarcus/NMT12XB_80_b?&wid=456&height=570,https://images.neimanmarcus.com/ca/2/product_assets/T/1/2/X/B/NMT12XB_bu.jpg,https://images.neimanmarcus.com/ca/2/product_assets/T/1/2/X/B/NMT12XB_mu.jpg,https://images.neimanmarcus.com/ca/1/product_assets/T/1/2/X/B/NMT12XB_cu.jpg,https://neimanmarcus.scene7.com/is/image/NeimanMarcus/NMT12XB_0M_b?&wid=456&height=570,https://neimanmarcus.scene7.com/is/image/NeimanMarcus/NMT12XB_80_m?&wid=456&height=570",Obsidian Sequin Shimmer Knit Tie-Front Kimono,prod233890039,"{'sku191050320': {'price': '104.80', 'old_prices': [], 'currency': '$', 'availability': True, 'color': 'EPICE', 'size': 'Medium'}, 'sku191050412': {'price': '104.80', 'old_prices': [], 'currency': '$', 'availability': True, 'color': 'EPICE', 'size': 'Medium'}, 'sku191050456': {'price': '104.80', 'old_prices': [], 'currency': '$', 'availability': True, 'color': 'EPICE', 'size': 'Medium'}, 'sku191060653': {'price': '104.80', 'old_prices': [], 'currency': '$', 'availability': True, 'color': 'EPICE', 'size': 'Medium'}, 'sku191060657': {'price': '104.80', 'old_prices': [], 'currency': '$', 'availability': True, 'color': 'EPICE', 'size': 'Medium'}, 'sku191060695': {'price': '104.80', 'old_prices': [], 'currency': '$', 'availability': True, 'color': 'EPICE', 'size': 'Medium'}, 'sku191060703': {'price': '104.80', 'old_prices': [], 'currency': '$', 'availability': True, 'color': 'EPICE', 'size': 'Medium'}, 'sku191061001': {'price': '104.80', 'old_prices': [], 'currency': '$', 'availability': True, 'color': 'EPICE', 'size': 'Medium'}, 'sku191061007': {'price': '104.80', 'old_prices': [], 'currency': '$', 'availability': True, 'color': 'EPICE', 'size': 'Medium'}, 'sku191061098': {'price': '104.80', 'old_prices': [], 'currency': '$', 'availability': True, 'color': 'EPICE', 'size': 'Medium'}}",https://www.neimanmarcus.com/p/flora-bella-obsidian-sequin-shimmer-knit-tie-front-kimono-prod233890039
Giuseppe Zanotti,Giuseppe Zanotti men's low-top sneaker in suede and smooth leather. Golden hardware. Round toe. Lace-up front. Metal logo detail at tongue. Signature dual side zips. Pull tab and logo hardware at heel. Ridged rubber outsole. Made in Italy.,"https://neimanmarcus.scene7.com/is/image/NeimanMarcus/NMN5NRP_01_m?&wid=456&height=570,https://images.neimanmarcus.com/ca/8/product_assets/N/5/N/R/P/NMN5NRP_mu.jpg,https://images.neimanmarcus.com/ca/7/product_assets/N/5/N/R/P/NMN5NRP_bu.jpg,https://neimanmarcus.scene7.com/is/image/NeimanMarcus/NMN5NRP_60_m?&wid=456&height=570,https://images.neimanmarcus.com/ca/7/product_assets/N/5/N/R/P/NMN5NRP_au.jpg",Men's Suede & Leather Low-Top Sneakers,prod214300253,"{'sku181531052': {'price': '494.40', 'old_prices': [], 'currency': '$', 'availability': False, 'color': 'RED', 'size': '48 EU (15D US)'}, 'sku181531053': {'price': '494.40', 'old_prices': [], 'currency': '$', 'availability': False, 'color': 'RED', 'size': '48 EU (15D US)'}, 'sku181531054': {'price': '494.40', 'old_prices': [], 'currency': '$', 'availability': False, 'color': 'RED', 'size': '48 EU (15D US)'}, 'sku181531055': {'price': '494.40', 'old_prices': [], 'currency': '$', 'availability': False, 'color': 'RED', 'size': '48 EU (15D US)'}, 'sku181531056': {'price': '494.40', 'old_prices': [], 'currency': '$', 'availability': False, 'color': 'RED', 'size': '48 EU (15D US)'}, 'sku181531057': {'price': '494.40', 'old_prices': [], 'currency': '$', 'availability': False, 'color': 'RED', 'size': '48 EU (15D US)'}, 'sku181531058': {'price': '494.40', 'old_prices': [], 'currency': '$', 'availability': False, 'color': 'RED', 'size': '48 EU (15D US)'}, 'sku181531059': {'price': '494.40', 'old_prices': [], 'currency': '$', 'availability': False, 'color': 'RED', 'size': '48 EU (15D US)'}, 'sku181531060': {'price': '494.40', 'old_prices': [], 'currency': '$', 'availability': False, 'color': 'RED', 'size': '48 EU (15D US)'}, 'sku181531061': {'price': '494.40', 'old_prices': [], 'currency': '$', 'availability': False, 'color': 'RED', 'size': '48 EU (15D US)'}, 'sku181531062': {'price': '494.40', 'old_prices': [], 'currency': '$', 'availability': False, 'color': 'RED', 'size': '48 EU (15D US)'}, 'sku181531063': {'price': '494.40', 'old_prices': [], 'currency': '$', 'availability': False, 'color': 'RED', 'size': '48 EU (15D US)'}, 'sku181531064': {'price': '494.40', 'old_prices': [], 'currency': '$', 'availability': False, 'color': 'RED', 'size': '48 EU (15D US)'}, 'sku181531065': {'price': '494.40', 'old_prices': [], 'currency': '$', 'availability': False, 'color': 'RED', 'size': '48 EU (15D US)'}, 'sku181531066': {'price': '494.40', 'old_prices': [], 'currency': '$', 'availability': False, 'color': 'RED', 'size': '48 EU (15D US)'}, 'sku181531067': {'price': '494.40', 'old_prices': [], 'currency': '$', 'availability': False, 'color': 'RED', 'size': '48 EU (15D US)'}, 'sku181531068': {'price': '494.40', 'old_prices': [], 'currency': '$', 'availability': False, 'color': 'RED', 'size': '48 EU (15D US)'}, 'sku181531069': {'price': '494.40', 'old_prices': [], 'currency': '$', 'availability': False, 'color': 'RED', 'size': '48 EU (15D US)'}, 'sku181531070': {'price': '494.40', 'old_prices': [], 'currency': '$', 'availability': False, 'color': 'RED', 'size': '48 EU (15D US)'}, 'sku181531071': {'price': '494.40', 'old_prices': [], 'currency': '$', 'availability': False, 'color': 'RED', 'size': '48 EU (15D US)'}}",https://www.neimanmarcus.com/p/giuseppe-zanotti-mens-suede-leather-low-top-sneakers-prod214300253
Gauge 81,"Gauge 81 ""Tuscany"" skirt. Skirt falls straight from hip to hem. Mini length. Back zipper. Viscose/spandex. Cupro/spandex lining. Made in Macedonia. Model is 5'10""/177cm and wearing size S.","https://images.neimanmarcus.com/ca/1/product_assets/T/Z/R/A/N/NMTZRAN_au.jpg,https://images.neimanmarcus.com/ca/1/product_assets/T/Z/R/A/N/NMTZRAN_mu.jpg,https://images.neimanmarcus.com/ca/1/product_assets/T/Z/R/A/N/NMTZRAN_bu.jpg",Tuscany Mini Skirt,prod226120419,"{'sku189971156': {'price': '149.50', 'old_prices': [], 'currency': '$', 'availability': True, 'color': 'FUCHSIA', 'size': 'Large'}, 'sku189971157': {'price': '149.50', 'old_prices': [], 'currency': '$', 'availability': True, 'color': 'FUCHSIA', 'size': 'Large'}, 'sku189971158': {'price': '149.50', 'old_prices': [], 'currency': '$', 'availability': True, 'color': 'FUCHSIA', 'size': 'Large'}, 'sku189971159': {'price': '149.50', 'old_prices': [], 'currency': '$', 'availability': True, 'color': 'FUCHSIA', 'size': 'Large'}}",https://www.neimanmarcus.com/p/gauge-81-tuscany-mini-skirt-prod226120419
Victor Glemaud,"Victor Glemaud animal-print skirt. Body-conscious silhouette. Mdi length. Flounce hem. Pull-on style. Merino wool. Imported. Model is 5'10""/177cm and wearing size S.","https://images.neimanmarcus.com/ca/2/product_assets/T/Z/Z/Z/0/NMTZZZ0_bu.jpg,https://images.neimanmarcus.com/ca/2/product_assets/T/Z/Z/Z/0/NMTZZZ0_mu.jpg,https://neimanmarcus.scene7.com/is/image/NeimanMarcus/NMTZZZ0_8T_m?&wid=456&height=570,https://images.neimanmarcus.com/ca/2/product_assets/T/Z/Z/Z/0/NMTZZZ0_au.jpg,https://neimanmarcus.scene7.com/is/image/NeimanMarcus/NMTZZZ0_B8_a?&wid=456&height=570,https://neimanmarcus.scene7.com/is/image/NeimanMarcus/NMTZZZ0_8T_b?&wid=456&height=570,https://neimanmarcus.scene7.com/is/image/NeimanMarcus/NMTZZZ0_B8_b?&wid=456&height=570,https://neimanmarcus.scene7.com/is/image/NeimanMarcus/NMTZZZ0_8T_a?&wid=456&height=570,https://neimanmarcus.scene7.com/is/image/NeimanMarcus/NMTZZZ0_B8_m?&wid=456&height=570",Animal-Print Wool Flounce Midi Skirt,prod226240117,"{'sku190040372': {'price': '247.00', 'old_prices': [], 'currency': '$', 'availability': True, 'color': 'BLACK/WHITE', 'size': 'Large'}, 'sku190040374': {'price': '247.00', 'old_prices': [], 'currency': '$', 'availability': True, 'color': 'BLACK/WHITE', 'size': 'Large'}, 'sku190040376': {'price': '247.00', 'old_prices': [], 'currency': '$', 'availability': True, 'color': 'BLACK/WHITE', 'size': 'Large'}, 'sku190040378': {'price': '247.00', 'old_prices': [], 'currency': '$', 'availability': True, 'color': 'BLACK/WHITE', 'size': 'Large'}, 'sku190760977': {'price': '247.00', 'old_prices': [], 'currency': '$', 'availability': True, 'color': 'BLACK/WHITE', 'size': 'Large'}, 'sku190760978': {'price': '247.00', 'old_prices': [], 'currency': '$', 'availability': True, 'color': 'BLACK/WHITE', 'size': 'Large'}, 'sku190760979': {'price': '247.00', 'old_prices': [], 'currency': '$', 'availability': True, 'color': 'BLACK/WHITE', 'size': 'Large'}, 'sku190760980': {'price': '247.00', 'old_prices': [], 'currency': '$', 'availability': True, 'color': 'BLACK/WHITE', 'size': 'Large'}}",https://www.neimanmarcus.com/p/victor-glemaud-animal-print-wool-flounce-midi-skirt-prod226240117
Sablyn,"Sablyn ""Sandi"" pleated skirt. A-line silhouette. Thigh-high slit. Maxi length. Side zipper. Silk. Made in USA. Model is 5'10""/177cm and wearing size S.","https://images.neimanmarcus.com/ca/1/product_assets/T/Z/Y/3/M/NMTZY3M_au.jpg,https://images.neimanmarcus.com/ca/1/product_assets/T/Z/Y/3/M/NMTZY3M_bu.jpg,https://images.neimanmarcus.com/ca/1/product_assets/T/Z/Y/3/M/NMTZY3M_mu.jpg",Sandi Pleated Silk Skirt,prod226190105,"{'sku190010440': {'price': '275.60', 'old_prices': [], 'currency': '$', 'availability': False, 'color': 'WHITE', 'size': 'Large'}, 'sku190010442': {'price': '275.60', 'old_prices': [], 'currency': '$', 'availability': False, 'color': 'WHITE', 'size': 'Large'}, 'sku190010443': {'price': '275.60', 'old_prices': [], 'currency': '$', 'availability': False, 'color': 'WHITE', 'size': 'Large'}, 'sku190010445': {'price': '275.60', 'old_prices': [], 'currency': '$', 'availability': False, 'color': 'WHITE', 'size': 'Large'}}",https://www.neimanmarcus.com/p/sablyn-sandi-pleated-silk-skirt-prod226190105
Sablyn,"Sablyn ""Miranda"" slip skirt. A-line silhouette. Hem falls below the knee. Side zipper. Silk. Made in USA of imported material. Model is 5'10""/177cm and wearing size S.","https://images.neimanmarcus.com/ca/1/product_assets/T/Z/W/M/H/NMTZWMH_bu.jpg,https://images.neimanmarcus.com/ca/1/product_assets/T/Z/W/M/H/NMTZWMH_au.jpg,https://images.neimanmarcus.com/ca/1/product_assets/T/Z/W/M/H/NMTZWMH_mu.jpg",Miranda Silk Slip Skirt,prod226170160,"{'sku190000826': {'price': '169.60', 'old_prices': [], 'currency': '$', 'availability': True, 'color': 'OLIVE', 'size': 'Medium'}, 'sku190000827': {'price': '169.60', 'old_prices': [], 'currency': '$', 'availability': True, 'color': 'OLIVE', 'size': 'Medium'}, 'sku190000828': {'price': '169.60', 'old_prices': [], 'currency': '$', 'availability': True, 'color': 'OLIVE', 'size': 'Medium'}, 'sku190010099': {'price': '169.60', 'old_prices': [], 'currency': '$', 'availability': True, 'color': 'OLIVE', 'size': 'Medium'}}",https://www.neimanmarcus.com/p/sablyn-miranda-silk-slip-skirt-prod226170160
Gauge 81,"Gauge 81 ""Tuscany"" satin skirt with front seams. Straight silhouette. Mini length. Back zipper. Viscose/spandex. Made in Netherlands. Model is 5'10""/177cm and wearing size S.","https://images.neimanmarcus.com/ca/2/product_assets/T/Z/U/F/Z/NMTZUFZ_au.jpg,https://images.neimanmarcus.com/ca/1/product_assets/T/Z/U/F/Z/NMTZUFZ_eu.jpg,https://images.neimanmarcus.com/ca/2/product_assets/T/Z/U/F/Z/NMTZUFZ_mu.jpg,https://images.neimanmarcus.com/ca/2/product_assets/T/Z/U/F/Z/NMTZUFZ_bu.jpg",Tuscany Satin Mini Skirt,prod226120148,"{'sku189970497': {'price': '149.50', 'old_prices': [], 'currency': '$', 'availability': True, 'color': 'ORANGE', 'size': 'Large'}, 'sku189970498': {'price': '149.50', 'old_prices': [], 'currency': '$', 'availability': True, 'color': 'ORANGE', 'size': 'Large'}, 'sku189970499': {'price': '149.50', 'old_prices': [], 'currency': '$', 'availability': True, 'color': 'ORANGE', 'size': 'Large'}, 'sku189970500': {'price': '149.50', 'old_prices': [], 'currency': '$', 'availability': True, 'color': 'ORANGE', 'size': 'Large'}}",https://www.neimanmarcus.com/p/gauge-81-tuscany-satin-mini-skirt-prod226120148
Sablyn,"Sablyn ""Carmen"" skirt with lace trim. A-line silhouette. Draped snap placket. Hem hits above the knee. Back zipper. Silk. Made in USA of imported material. Model is 5'10""/177cm and wearing size S.","https://images.neimanmarcus.com/ca/1/product_assets/T/Z/X/R/0/NMTZXR0_mu.jpg,https://images.neimanmarcus.com/ca/1/product_assets/T/Z/X/R/0/NMTZXR0_au.jpg,https://images.neimanmarcus.com/ca/1/product_assets/T/Z/X/R/0/NMTZXR0_bu.jpg",Carmen Draped Lace Snap Skirt,prod226190086,"{'sku190010305': {'price': '232.00', 'old_prices': [], 'currency': '$', 'availability': False, 'color': 'BLACK', 'size': 'Large'}, 'sku190010307': {'price': '232.00', 'old_prices': [], 'currency': '$', 'availability': False, 'color': 'BLACK', 'size': 'Large'}, 'sku190010309': {'price': '232.00', 'old_prices': [], 'currency': '$', 'availability': False, 'color': 'BLACK', 'size': 'Large'}, 'sku190010311': {'price': '232.00', 'old_prices': [], 'currency': '$', 'availability': False, 'color': 'BLACK', 'size': 'Large'}}",https://www.neimanmarcus.com/p/sablyn-carmen-draped-lace-snap-skirt-prod226190086
ATM Anthony Thomas Melillo,ATM Anthony Thomas Melillo zebra-print denim skirt. Straight silhouette. Five-pocket style; back flap pockets. Hem falls below the knee. Vented front and back. Button/zip fly; belt loops. Cotton/spandex. Machine wash. Imported.,"https://images.neimanmarcus.com/ca/1/product_assets/T/Z/U/4/F/NMTZU4F_bu.jpg,https://images.neimanmarcus.com/ca/1/product_assets/T/Z/U/4/F/NMTZU4F_au.jpg,https://images.neimanmarcus.com/ca/1/product_assets/T/Z/U/4/F/NMTZU4F_mu.jpg",Zebra-Print Denim Straight Skirt,prod226050054,"{'sku189890194': {'price': '117.60', 'old_prices': [], 'currency': '$', 'availability': False, 'color': 'MULTI PATTERN', 'size': '12'}, 'sku189890195': {'price': '117.60', 'old_prices': [], 'currency': '$', 'availability': False, 'color': 'MULTI PATTERN', 'size': '12'}, 'sku189890196': {'price': '117.60', 'old_prices': [], 'currency': '$', 'availability': False, 'color': 'MULTI PATTERN', 'size': '12'}, 'sku189890197': {'price': '117.60', 'old_prices': [], 'currency': '$', 'availability': False, 'color': 'MULTI PATTERN', 'size': '12'}, 'sku189890198': {'price': '117.60', 'old_prices': [], 'currency': '$', 'availability': False, 'color': 'MULTI PATTERN', 'size': '12'}, 'sku189890199': {'price': '117.60', 'old_prices': [], 'currency': '$', 'availability': False, 'color': 'MULTI PATTERN', 'size': '12'}, 'sku189890200': {'price': '117.60', 'old_prices': [], 'currency': '$', 'availability': False, 'color': 'MULTI PATTERN', 'size': '12'}}",https://www.neimanmarcus.com/p/atm-anthony-thomas-melillo-zebra-print-denim-straight-skirt-prod226050054
Gauge 81,"Gauge 81 ""Tuscany"" skirt. Skirt falls straight from hip to hem. Mini length. Back zipper. Viscose/spandex. Cupro/spandex lining. Made in Macedonia. Model is 5'10""/177cm and wearing size S.","https://images.neimanmarcus.com/ca/1/product_assets/T/Z/R/A/9/NMTZRA9_mu.jpg,https://images.neimanmarcus.com/ca/1/product_assets/T/Z/R/A/9/NMTZRA9_bu.jpg,https://images.neimanmarcus.com/ca/1/product_assets/T/Z/R/A/9/NMTZRA9_au.jpg",Tuscany Mini Skirt,prod226120020,"{'sku189970024': {'price': '149.50', 'old_prices': [], 'currency': '$', 'availability': True, 'color': 'WHITE', 'size': 'Large'}, 'sku189970025': {'price': '149.50', 'old_prices': [], 'currency': '$', 'availability': True, 'color': 'WHITE', 'size': 'Large'}, 'sku189970026': {'price': '149.50', 'old_prices': [], 'currency': '$', 'availability': True, 'color': 'WHITE', 'size': 'Large'}, 'sku189970027': {'price': '149.50', 'old_prices': [], 'currency': '$', 'availability': True, 'color': 'WHITE', 'size': 'Large'}}",https://www.neimanmarcus.com/p/gauge-81-tuscany-mini-skirt-prod226120020
A.L.C.,"A.L.C. ""Jupiter"" gingham skirt with ruffle trim across the front. Straight silhouette. Hem hits above the knee. Cotton/spandex. Dry clean. Imported.","https://images.neimanmarcus.com/ca/1/product_assets/T/Z/S/U/R/NMTZSUR_mu.jpg,https://images.neimanmarcus.com/ca/1/product_assets/T/Z/S/U/R/NMTZSUR_bu.jpg,https://images.neimanmarcus.com/ca/1/product_assets/T/Z/S/U/R/NMTZSUR_au.jpg",Jupiter Gingham Ruffle-Front Mini Skirt,prod225971140,"{'sku189851654': {'price': '129.60', 'old_prices': [], 'currency': '$', 'availability': True, 'color': 'MULTI PATTERN', 'size': '14'}, 'sku189851655': {'price': '129.60', 'old_prices': [], 'currency': '$', 'availability': True, 'color': 'MULTI PATTERN', 'size': '14'}, 'sku189851657': {'price': '129.60', 'old_prices': [], 'currency': '$', 'availability': True, 'color': 'MULTI PATTERN', 'size': '14'}, 'sku189851659': {'price': '129.60', 'old_prices': [], 'currency': '$', 'availability': True, 'color': 'MULTI PATTERN', 'size': '14'}, 'sku189851661': {'price': '129.60', 'old_prices': [], 'currency': '$', 'availability': True, 'color': 'MULTI PATTERN', 'size': '14'}, 'sku189851663': {'price': '129.60', 'old_prices': [], 'currency': '$', 'availability': True, 'color': 'MULTI PATTERN', 'size': '14'}, 'sku189851665': {'price': '129.60', 'old_prices': [], 'currency': '$', 'availability': True, 'color': 'MULTI PATTERN', 'size': '14'}, 'sku189851667': {'price': '129.60', 'old_prices': [], 'currency': '$', 'availability': True, 'color': 'MULTI PATTERN', 'size': '14'}}",https://www.neimanmarcus.com/p/a-l-c-jupiter-gingham-ruffle-front-mini-skirt-prod225971140
A.L.C.,"A.L.C. ""Rumi"" solid tee. Approx. 23.5""L from shoulder to hem. Scoop neckline. Short, puff sleeves. Semi-fitted. Straight hem. Pullover style. Cotton. Machine wash. Made in USA.","https://images.neimanmarcus.com/ca/10/product_assets/T/Z/S/V/9/NMTZSV9_au.jpg,https://images.neimanmarcus.com/ca/10/product_assets/T/Z/S/V/9/NMTZSV9_mu.jpg",Rumi Scoop-Neck Puff-Sleeve Tee,prod225970982,"{'sku189850847': {'price': '60.75', 'old_prices': ['135.00', '81.00'], 'currency': '$', 'availability': False, 'color': 'LIGHT PINK', 'size': 'Large'}, 'sku189850850': {'price': '60.75', 'old_prices': ['135.00', '81.00'], 'currency': '$', 'availability': False, 'color': 'LIGHT PINK', 'size': 'Large'}, 'sku189850851': {'price': '60.75', 'old_prices': ['135.00', '81.00'], 'currency': '$', 'availability': False, 'color': 'LIGHT PINK', 'size': 'Large'}, 'sku189850853': {'price': '60.75', 'old_prices': ['135.00', '81.00'], 'currency': '$', 'availability': False, 'color': 'LIGHT PINK', 'size': 'Large'}, 'sku189850855': {'price': '60.75', 'old_prices': ['135.00', '81.00'], 'currency': '$', 'availability': False, 'color': 'LIGHT PINK', 'size': 'Large'}, 'sku189850857': {'price': '60.75', 'old_prices': ['135.00', '81.00'], 'currency': '$', 'availability': False, 'color': 'LIGHT PINK', 'size': 'Large'}, 'sku189850858': {'price': '60.75', 'old_prices': ['135.00', '81.00'], 'currency': '$', 'availability': False, 'color': 'LIGHT PINK', 'size': 'Large'}, 'sku189850859': {'price': '60.75', 'old_prices': ['135.00', '81.00'], 'currency': '$', 'availability': False, 'color': 'LIGHT PINK', 'size': 'Large'}}",https://www.neimanmarcus.com/p/a-l-c-rumi-scoop-neck-puff-sleeve-tee-prod225970982
Roland Mouret,"Roland Mouret ""Moka"" skirt in chevron puckered stretch twill. High rise. Pencil style. Vented hem falls below the knee. Nylon/cotton/spandex. Lining, acetate/silk. Made in United Kingdom.","https://images.neimanmarcus.com/ca/1/product_assets/B/5/9/E/Y/NMB59EY_mu.jpg,https://images.neimanmarcus.com/ca/1/product_assets/B/5/9/E/Y/NMB59EY_bu.jpg,https://images.neimanmarcus.com/ca/1/product_assets/B/5/9/E/Y/NMB59EY_au.jpg",Moka Chevron Puckered Skirt,prod225610023,"{'sku189560095': {'price': '477.00', 'old_prices': [], 'currency': '$', 'availability': False, 'color': 'WHITE', 'size': '16 UK (12 US)'}, 'sku189560098': {'price': '477.00', 'old_prices': [], 'currency': '$', 'availability': False, 'color': 'WHITE', 'size': '16 UK (12 US)'}, 'sku189560103': {'price': '477.00', 'old_prices': [], 'currency': '$', 'availability': False, 'color': 'WHITE', 'size': '16 UK (12 US)'}, 'sku189560104': {'price': '477.00', 'old_prices': [], 'currency': '$', 'availability': False, 'color': 'WHITE', 'size': '16 UK (12 US)'}, 'sku189560107': {'price': '477.00', 'old_prices': [], 'currency': '$', 'availability': False, 'color': 'WHITE', 'size': '16 UK (12 US)'}}",https://www.neimanmarcus.com/p/roland-mouret-moka-chevron-puckered-skirt-prod225610023
Herve Leger,"Herve Leger striped, shimmery knit skirt. Approx. 32""L down center back. High rise. Pencil silhouette. Thigh-high silhouette. Hem falls below the knee. Viscose/polyester/metallic fiber/nylon/spandex. Dry clean. Imported.","https://images.neimanmarcus.com/ca/1/product_assets/B/5/9/G/P/NMB59GP_au.jpg,https://images.neimanmarcus.com/ca/1/product_assets/B/5/9/G/P/NMB59GP_mu.jpg,https://images.neimanmarcus.com/ca/1/product_assets/B/5/9/G/P/NMB59GP_bu.jpg",Shimmer-Striped Slit-Hem Skirt,prod225620085,"{'sku189570283': {'price': '374.50', 'old_prices': [], 'currency': '$', 'availability': True, 'color': 'BEIGE', 'size': 'Large'}, 'sku189570285': {'price': '374.50', 'old_prices': [], 'currency': '$', 'availability': True, 'color': 'BEIGE', 'size': 'Large'}, 'sku189570328': {'price': '374.50', 'old_prices': [], 'currency': '$', 'availability': True, 'color': 'BEIGE', 'size': 'Large'}, 'sku189580081': {'price': '374.50', 'old_prices': [], 'currency': '$', 'availability': True, 'color': 'BEIGE', 'size': 'Large'}, 'sku189580102': {'price': '374.50', 'old_prices': [], 'currency': '$', 'availability': True, 'color': 'BEIGE', 'size': 'Large'}}",https://www.neimanmarcus.com/p/herve-leger-shimmer-striped-slit-hem-skirt-prod225620085
Versace,"Versace mini skirt in jersey, featuring hardware ring with silk scarf. High rise. A-line silhouette. Hem hits above the knee. Viscose/spandex. Lining, silk/acetate. Made in Italy.","https://images.neimanmarcus.com/ca/1/product_assets/B/5/9/E/U/NMB59EU_au.jpg,https://images.neimanmarcus.com/ca/1/product_assets/B/5/9/E/U/NMB59EU_mu.jpg",Mini Skirt w/ Scarf Ring,prod225610025,"{'sku189560097': {'price': '494.40', 'old_prices': [], 'currency': '$', 'availability': True, 'color': 'BLACK', 'size': '50 IT (14 US)'}, 'sku189560100': {'price': '494.40', 'old_prices': [], 'currency': '$', 'availability': True, 'color': 'BLACK', 'size': '50 IT (14 US)'}, 'sku189560102': {'price': '494.40', 'old_prices': [], 'currency': '$', 'availability': True, 'color': 'BLACK', 'size': '50 IT (14 US)'}, 'sku189560105': {'price': '494.40', 'old_prices': [], 'currency': '$', 'availability': True, 'color': 'BLACK', 'size': '50 IT (14 US)'}, 'sku189560109': {'price': '494.40', 'old_prices': [], 'currency': '$', 'availability': True, 'color': 'BLACK', 'size': '50 IT (14 US)'}, 'sku189560111': {'price': '494.40', 'old_prices': [], 'currency': '$', 'availability': True, 'color': 'BLACK', 'size': '50 IT (14 US)'}, 'sku189560113': {'price': '494.40', 'old_prices': [], 'currency': '$', 'availability': True, 'color': 'BLACK', 'size': '50 IT (14 US)'}, 'sku189560116': {'price': '494.40', 'old_prices': [], 'currency': '$', 'availability': True, 'color': 'BLACK', 'size': '50 IT (14 US)'}}",https://www.neimanmarcus.com/p/versace-mini-skirt-w-scarf-ring-prod225610025
Kobi Halperin,"Kobi Halperin ""Beatrice"" blouse with contrast dotted trim. Crew neckline; concealed button front. Long sleeves. Relaxed silhouette. Silk. Dry clean. Imported. Model is 5'10""/177cm and wearing size S.","https://images.neimanmarcus.com/ca/2/product_assets/T/0/9/H/G/NMT09HG_mu.jpg,https://neimanmarcus.scene7.com/is/image/NeimanMarcus/NMT09HG_01_a?&wid=456&height=570,https://neimanmarcus.scene7.com/is/image/NeimanMarcus/NMT09HG_11_b?&wid=456&height=570,https://neimanmarcus.scene7.com/is/image/NeimanMarcus/NMT09HG_11_a?&wid=456&height=570,https://images.neimanmarcus.com/ca/2/product_assets/T/0/9/H/G/NMT09HG_bu.jpg,https://neimanmarcus.scene7.com/is/image/NeimanMarcus/NMT09HG_01_m?&wid=456&height=570,https://neimanmarcus.scene7.com/is/image/NeimanMarcus/NMT09HG_01_b?&wid=456&height=570,https://neimanmarcus.scene7.com/is/image/NeimanMarcus/NMT09HG_11_m?&wid=456&height=570,https://images.neimanmarcus.com/ca/2/product_assets/T/0/9/H/G/NMT09HG_au.jpg",Beatrice Contrast Trim Silk Blouse,prod228000137,"{'sku191350445': {'price': '398.00', 'old_prices': [], 'currency': '$', 'availability': False, 'color': 'BLACK', 'size': 'X-Small'}, 'sku191350448': {'price': '398.00', 'old_prices': [], 'currency': '$', 'availability': False, 'color': 'BLACK', 'size': 'X-Small'}, 'sku191350486': {'price': '398.00', 'old_prices': [], 'currency': '$', 'availability': False, 'color': 'BLACK', 'size': 'X-Small'}, 'sku191350488': {'price': '398.00', 'old_prices': [], 'currency': '$', 'availability': False, 'color': 'BLACK', 'size': 'X-Small'}, 'sku191350491': {'price': '398.00', 'old_prices': [], 'currency': '$', 'availability': False, 'color': 'BLACK', 'size': 'X-Small'}, 'sku191350495': {'price': '398.00', 'old_prices': [], 'currency': '$', 'availability': False, 'color': 'BLACK', 'size': 'X-Small'}, 'sku191360481': {'price': '398.00', 'old_prices': [], 'currency': '$', 'availability': False, 'color': 'BLACK', 'size': 'X-Small'}, 'sku191360486': {'price': '398.00', 'old_prices': [], 'currency': '$', 'availability': False, 'color': 'BLACK', 'size': 'X-Small'}, 'sku191360496': {'price': '398.00', 'old_prices': [], 'currency': '$', 'availability': False, 'color': 'BLACK', 'size': 'X-Small'}, 'sku191360528': {'price': '398.00', 'old_prices': [], 'currency': '$', 'availability': False, 'color': 'BLACK', 'size': 'X-Small'}, 'sku191360531': {'price': '398.00', 'old_prices': [], 'currency': '$', 'availability': False, 'color': 'BLACK', 'size': 'X-Small'}, 'sku191360534': {'price': '398.00', 'old_prices': [], 'currency': '$', 'availability': False, 'color': 'BLACK', 'size': 'X-Small'}}",https://www.neimanmarcus.com/p/kobi-halperin-beatrice-contrast-trim-silk-blouse-prod228000137
Galvan,"Galvan ""Modern Love"" sequined skirt. Circle-cut silhouette. Thigh-high center slit. Polyester; self lining. Dry clean. Made in United Kingdom. Model is 5'10""/177cm and wearing size 36 FR (4 US).","https://images.neimanmarcus.com/ca/1/product_assets/B/5/9/7/Q/NMB597Q_bu.jpg,https://images.neimanmarcus.com/ca/1/product_assets/B/5/9/7/Q/NMB597Q_au.jpg,https://images.neimanmarcus.com/ca/1/product_assets/B/5/9/7/Q/NMB597Q_mu.jpg",Modern Love Sequined Maxi Skirt,prod225500548,"{'sku189491754': {'price': '587.00', 'old_prices': [], 'currency': '$', 'availability': True, 'color': 'GRAY', 'size': '44 FR (12 US)'}, 'sku189491759': {'price': '587.00', 'old_prices': [], 'currency': '$', 'availability': True, 'color': 'GRAY', 'size': '44 FR (12 US)'}, 'sku189491763': {'price': '587.00', 'old_prices': [], 'currency': '$', 'availability': True, 'color': 'GRAY', 'size': '44 FR (12 US)'}, 'sku189491765': {'price': '587.00', 'old_prices': [], 'currency': '$', 'availability': True, 'color': 'GRAY', 'size': '44 FR (12 US)'}, 'sku189491768': {'price': '587.00', 'old_prices': [], 'currency': '$', 'availability': True, 'color': 'GRAY', 'size': '44 FR (12 US)'}, 'sku189491771': {'price': '587.00', 'old_prices': [], 'currency': '$', 'availability': True, 'color': 'GRAY', 'size': '44 FR (12 US)'}}",https://www.neimanmarcus.com/p/galvan-modern-love-sequined-maxi-skirt-prod225500548
Malone Souliers,"Malone Souliers ""Maisie"" triple-strap raffia and leather slides. 0.3"" stacked heel. Open toe. Slide style. Leather lining and sole. Made in Italy.","https://images.neimanmarcus.com/ca/1/product_assets/X/4/Y/N/S/NMX4YNS_au.jpg,https://images.neimanmarcus.com/ca/1/product_assets/X/4/Y/N/S/NMX4YNS_cu.jpg,https://images.neimanmarcus.com/ca/1/product_assets/X/4/Y/N/S/NMX4YNS_mu.jpg",Maisie Flat Raffia Slides,prod230850072,"{'sku193640194': {'price': '272.00', 'old_prices': [], 'currency': '$', 'availability': True, 'color': 'BEIGE', 'size': '7B / 37EU'}, 'sku193640675': {'price': '272.00', 'old_prices': [], 'currency': '$', 'availability': True, 'color': 'BEIGE', 'size': '7B / 37EU'}, 'sku193640680': {'price': '272.00', 'old_prices': [], 'currency': '$', 'availability': True, 'color': 'BEIGE', 'size': '7B / 37EU'}, 'sku193640686': {'price': '272.00', 'old_prices': [], 'currency': '$', 'availability': True, 'color': 'BEIGE', 'size': '7B / 37EU'}, 'sku193650087': {'price': '272.00', 'old_prices': [], 'currency': '$', 'availability': True, 'color': 'BEIGE', 'size': '7B / 37EU'}, 'sku193650194': {'price': '272.00', 'old_prices': [], 'currency': '$', 'availability': True, 'color': 'BEIGE', 'size': '7B / 37EU'}, 'sku193650200': {'price': '272.00', 'old_prices': [], 'currency': '$', 'availability': True, 'color': 'BEIGE', 'size': '7B / 37EU'}, 'sku193650202': {'price': '272.00', 'old_prices': [], 'currency': '$', 'availability': True, 'color': 'BEIGE', 'size': '7B / 37EU'}, 'sku193650369': {'price': '272.00', 'old_prices': [], 'currency': '$', 'availability': True, 'color': 'BEIGE', 'size': '7B / 37EU'}, 'sku193650374': {'price': '272.00', 'old_prices': [], 'currency': '$', 'availability': True, 'color': 'BEIGE', 'size': '7B / 37EU'}, 'sku193650378': {'price': '272.00', 'old_prices': [], 'currency': '$', 'availability': True, 'color': 'BEIGE', 'size': '7B / 37EU'}, 'sku193650381': {'price': '272.00', 'old_prices': [], 'currency': '$', 'availability': True, 'color': 'BEIGE', 'size': '7B / 37EU'}, 'sku193650384': {'price': '272.00', 'old_prices': [], 'currency': '$', 'availability': True, 'color': 'BEIGE', 'size': '7B / 37EU'}, 'sku193650390': {'price': '272.00', 'old_prices': [], 'currency': '$', 'availability': True, 'color': 'BEIGE', 'size': '7B / 37EU'}, 'sku193650398': {'price': '272.00', 'old_prices': [], 'currency': '$', 'availability': True, 'color': 'BEIGE', 'size': '7B / 37EU'}}",https://www.neimanmarcus.com/p/malone-souliers-maisie-flat-raffia-slides-prod230850072
Flora Bella,"Flora Bella ""Obsidian"" kimono coverup in shimmery sequined knit. Approx. 57""L down center back. Open front. Half sleeves. Self-tie front straps. Relaxed, easy fit. Ankle length. Viscose, exclusive of trim. Dry clean. Imported.","https://neimanmarcus.scene7.com/is/image/NeimanMarcus/NMT12XB_0M_a?&wid=456&height=570,https://images.neimanmarcus.com/ca/2/product_assets/T/1/2/X/B/NMT12XB_au.jpg,https://neimanmarcus.scene7.com/is/image/NeimanMarcus/NMT12XB_80_a?&wid=456&height=570,https://neimanmarcus.scene7.com/is/image/NeimanMarcus/NMT12XB_0M_m?&wid=456&height=570,https://neimanmarcus.scene7.com/is/image/NeimanMarcus/NMT12XB_80_b?&wid=456&height=570,https://images.neimanmarcus.com/ca/2/product_assets/T/1/2/X/B/NMT12XB_bu.jpg,https://images.neimanmarcus.com/ca/2/product_assets/T/1/2/X/B/NMT12XB_mu.jpg,https://images.neimanmarcus.com/ca/1/product_assets/T/1/2/X/B/NMT12XB_cu.jpg,https://neimanmarcus.scene7.com/is/image/NeimanMarcus/NMT12XB_0M_b?&wid=456&height=570,https://neimanmarcus.scene7.com/is/image/NeimanMarcus/NMT12XB_80_m?&wid=456&height=570",Obsidian Sequin Shimmer Knit Tie-Front Kimono,prod233890039,"{'sku191050320': {'price': '104.80', 'old_prices': [], 'currency': '$', 'availability': True, 'color': 'EPICE', 'size': 'Medium'}, 'sku191050412': {'price': '104.80', 'old_prices': [], 'currency': '$', 'availability': True, 'color': 'EPICE', 'size': 'Medium'}, 'sku191050456': {'price': '104.80', 'old_prices': [], 'currency': '$', 'availability': True, 'color': 'EPICE', 'size': 'Medium'}, 'sku191060653': {'price': '104.80', 'old_prices': [], 'currency': '$', 'availability': True, 'color': 'EPICE', 'size': 'Medium'}, 'sku191060657': {'price': '104.80', 'old_prices': [], 'currency': '$', 'availability': True, 'color': 'EPICE', 'size': 'Medium'}, 'sku191060695': {'price': '104.80', 'old_prices': [], 'currency': '$', 'availability': True, 'color': 'EPICE', 'size': 'Medium'}, 'sku191060703': {'price': '104.80', 'old_prices': [], 'currency': '$', 'availability': True, 'color': 'EPICE', 'size': 'Medium'}, 'sku191061001': {'price': '104.80', 'old_prices': [], 'currency': '$', 'availability': True, 'color': 'EPICE', 'size': 'Medium'}, 'sku191061007': {'price': '104.80', 'old_prices': [], 'currency': '$', 'availability': True, 'color': 'EPICE', 'size': 'Medium'}, 'sku191061098': {'price': '104.80', 'old_prices': [], 'currency': '$', 'availability': True, 'color': 'EPICE', 'size': 'Medium'}}",https://www.neimanmarcus.com/p/flora-bella-obsidian-sequin-shimmer-knit-tie-front-kimono-prod233890039
Karla Colletto,"Karla Colletto ""Joana"" one-piece with woven front detail. Deep V neckline. Underwire support. Scoop back. Full seat coverage. Nylon/Xtra Life Lycra® spandex. Hand wash. Made in USA of imported material.","https://images.neimanmarcus.com/ca/1/product_assets/T/1/3/6/4/NMT1364_mu.jpg,https://images.neimanmarcus.com/ca/1/product_assets/T/1/3/6/4/NMT1364_au.jpg",Joana V-Neck One-Piece Swimsuit,prod233880213,"{'sku189662806': {'price': '197.50', 'old_prices': [], 'currency': '$', 'availability': True, 'color': 'CHERRY', 'size': '14'}, 'sku189662807': {'price': '197.50', 'old_prices': [], 'currency': '$', 'availability': True, 'color': 'CHERRY', 'size': '14'}, 'sku189662808': {'price': '197.50', 'old_prices': [], 'currency': '$', 'availability': True, 'color': 'CHERRY', 'size': '14'}, 'sku189662809': {'price': '197.50', 'old_prices': [], 'currency': '$', 'availability': True, 'color': 'CHERRY', 'size': '14'}, 'sku189662810': {'price': '197.50', 'old_prices': [], 'currency': '$', 'availability': True, 'color': 'CHERRY', 'size': '14'}, 'sku189662811': {'price': '197.50', 'old_prices': [], 'currency': '$', 'availability': True, 'color': 'CHERRY', 'size': '14'}, 'sku189662812': {'price': '197.50', 'old_prices': [], 'currency': '$', 'availability': True, 'color': 'CHERRY', 'size': '14'}, 'sku189662813': {'price': '197.50', 'old_prices': [], 'currency': '$', 'availability': True, 'color': 'CHERRY', 'size': '14'}, 'sku189662814': {'price': '197.50', 'old_prices': [], 'currency': '$', 'availability': True, 'color': 'CHERRY', 'size': '14'}, 'sku189662815': {'price': '197.50', 'old_prices': [], 'currency': '$', 'availability': True, 'color': 'CHERRY', 'size': '14'}}",https://www.neimanmarcus.com/p/karla-colletto-joana-v-neck-one-piece-swimsuit-prod233880213
Gianvito Rossi,"Gianvito Rossi sandals in oil-slick patent calf leather. 4.1"" covered stiletto heel. Strap bands open toe. Asymmetric vamp. Adjustable slingback strap. Leather lining and sole. Made in Italy.","https://images.neimanmarcus.com/ca/1/product_assets/X/5/5/W/R/NMX55WR_au.jpg,https://images.neimanmarcus.com/ca/1/product_assets/X/5/5/W/R/NMX55WR_bu.jpg,https://images.neimanmarcus.com/ca/1/product_assets/X/5/5/W/R/NMX55WR_cu.jpg,https://images.neimanmarcus.com/ca/1/product_assets/X/5/5/W/R/NMX55WR_mu.jpg",Assymmetric Oil Patent Sandals,prod233240413,"{'sku189661748': {'price': '397.00', 'old_prices': [], 'currency': '$', 'availability': True, 'color': 'NUDE', 'size': '10B / 40EU'}, 'sku189661750': {'price': '397.00', 'old_prices': [], 'currency': '$', 'availability': True, 'color': 'NUDE', 'size': '10B / 40EU'}, 'sku189661751': {'price': '397.00', 'old_prices': [], 'currency': '$', 'availability': True, 'color': 'NUDE', 'size': '10B / 40EU'}, 'sku189661752': {'price': '397.00', 'old_prices': [], 'currency': '$', 'availability': True, 'color': 'NUDE', 'size': '10B / 40EU'}, 'sku189661753': {'price': '397.00', 'old_prices': [], 'currency': '$', 'availability': True, 'color': 'NUDE', 'size': '10B / 40EU'}, 'sku189661754': {'price': '397.00', 'old_prices': [], 'currency': '$', 'availability': True, 'color': 'NUDE', 'size': '10B / 40EU'}, 'sku189661755': {'price': '397.00', 'old_prices': [], 'currency': '$', 'availability': True, 'color': 'NUDE', 'size': '10B / 40EU'}, 'sku189661758': {'price': '397.00', 'old_prices': [], 'currency': '$', 'availability': True, 'color': 'NUDE', 'size': '10B / 40EU'}, 'sku189661780': {'price': '397.00', 'old_prices': [], 'currency': '$', 'availability': True, 'color': 'NUDE', 'size': '10B / 40EU'}, 'sku189661783': {'price': '397.00', 'old_prices': [], 'currency': '$', 'availability': True, 'color': 'NUDE', 'size': '10B / 40EU'}, 'sku189661787': {'price': '397.00', 'old_prices': [], 'currency': '$', 'availability': True, 'color': 'NUDE', 'size': '10B / 40EU'}, 'sku189681093': {'price': '397.00', 'old_prices': [], 'currency': '$', 'availability': True, 'color': 'NUDE', 'size': '10B / 40EU'}, 'sku189681096': {'price': '397.00', 'old_prices': [], 'currency': '$', 'availability': True, 'color': 'NUDE', 'size': '10B / 40EU'}, 'sku189681097': {'price': '397.00', 'old_prices': [], 'currency': '$', 'availability': True, 'color': 'NUDE', 'size': '10B / 40EU'}, 'sku189681099': {'price': '397.00', 'old_prices': [], 'currency': '$', 'availability': True, 'color': 'NUDE', 'size': '10B / 40EU'}}",https://www.neimanmarcus.com/p/gianvito-rossi-assymmetric-oil-patent-sandals-prod233240413
Theory,"Theory gathered sleeve midi dress. Round neckline. Short sleeves. Body-conscious silhouette. Hem hits above the knee. Modal/pima cotton/spandex. Made in Peru. Model is 5'10""/177cm and wearing size S.","https://images.neimanmarcus.com/ca/1/product_assets/T/0/E/A/E/NMT0EAE_mu.jpg,https://images.neimanmarcus.com/ca/1/product_assets/T/0/E/A/E/NMT0EAE_au.jpg",Gathered Sleeve Midi Dress,prod230060114,"{'sku193020102': {'price': '112.00', 'old_prices': [], 'currency': '$', 'availability': True, 'color': 'BLACK', 'size': 'Large'}, 'sku193020108': {'price': '112.00', 'old_prices': [], 'currency': '$', 'availability': True, 'color': 'BLACK', 'size': 'Large'}, 'sku193020117': {'price': '112.00', 'old_prices': [], 'currency': '$', 'availability': True, 'color': 'BLACK', 'size': 'Large'}, 'sku193030342': {'price': '112.00', 'old_prices': [], 'currency': '$', 'availability': True, 'color': 'BLACK', 'size': 'Large'}}",https://www.neimanmarcus.com/p/theory-gathered-sleeve-midi-dress-prod230060114
Mackage,"Mackage ""Melita"" rain jacket. Hooded collar; covered placket. Long sleeves; snap cuffs. Snap/two-way zip front. Semi-fitted silhouette. Drawstring waist Side zip pockets. Below-hip length. Polyester self. Nylon/cotton lining. Nylon sleeve lining. Dry clean. Imported. Model's measurements: Height 5'10""/177cm, bust 33""/84cm, waist 25.6""/65.2cm, hips 35.8""/91cm, dress size US 2-4/FR 34-36.","https://images.neimanmarcus.com/ca/6/product_assets/T/W/R/K/R/NMTWRKR_au.jpg,https://images.neimanmarcus.com/ca/6/product_assets/T/W/R/K/R/NMTWRKR_bu.jpg,https://images.neimanmarcus.com/ca/6/product_assets/T/W/R/K/R/NMTWRKR_cu.jpg,https://images.neimanmarcus.com/ca/6/product_assets/T/W/R/K/R/NMTWRKR_mu.jpg",Melita Hooded Rain Jacket w/ Covered Placket,prod233240762,"{'sku192990450': {'price': '194.50', 'old_prices': [], 'currency': '$', 'availability': True, 'color': 'BLACK', 'size': 'X-Large'}, 'sku192990451': {'price': '194.50', 'old_prices': [], 'currency': '$', 'availability': True, 'color': 'BLACK', 'size': 'X-Large'}, 'sku192990452': {'price': '194.50', 'old_prices': [], 'currency': '$', 'availability': True, 'color': 'BLACK', 'size': 'X-Large'}, 'sku192990453': {'price': '194.50', 'old_prices': [], 'currency': '$', 'availability': True, 'color': 'BLACK', 'size': 'X-Large'}, 'sku192990454': {'price': '194.50', 'old_prices': [], 'currency': '$', 'availability': True, 'color': 'BLACK', 'size': 'X-Large'}, 'sku192990455': {'price': '194.50', 'old_prices': [], 'currency': '$', 'availability': True, 'color': 'BLACK', 'size': 'X-Large'}}",https://www.neimanmarcus.com/p/mackage-melita-hooded-rain-jacket-w-covered-placket-prod233240762
Bronx and Banco,"Bronx and Banco ""Layla"" cocktail dress in floral print with shirring throughout. One-shoulder neckline. Long sleeve at right; sleeveless left. Self-tie waist sash with fringe tassels. Body-conscious silhouette. Hem hits above the knee. Shell: polyester/silk. Shell 2/lining: polyester. Dry clean. Imported. Model is 5'10""/177cm and wearing size S.","https://images.neimanmarcus.com/ca/1/product_assets/T/0/M/D/B/NMT0MDB_mu.jpg,https://images.neimanmarcus.com/ca/1/product_assets/T/0/M/D/B/NMT0MDB_au.jpg",Layla Floral Print One-Shoulder Ruched Mini Dress,prod229870202,"{'sku192890827': {'price': '229.50', 'old_prices': [], 'currency': '$', 'availability': True, 'color': 'MULTI PATTERN', 'size': 'X-Small'}, 'sku192890829': {'price': '229.50', 'old_prices': [], 'currency': '$', 'availability': True, 'color': 'MULTI PATTERN', 'size': 'X-Small'}, 'sku192890830': {'price': '229.50', 'old_prices': [], 'currency': '$', 'availability': True, 'color': 'MULTI PATTERN', 'size': 'X-Small'}, 'sku192890831': {'price': '229.50', 'old_prices': [], 'currency': '$', 'availability': True, 'color': 'MULTI PATTERN', 'size': 'X-Small'}, 'sku192890969': {'price': '229.50', 'old_prices': [], 'currency': '$', 'availability': True, 'color': 'MULTI PATTERN', 'size': 'X-Small'}}",https://www.neimanmarcus.com/p/bronx-and-banco-layla-floral-print-one-shoulder-ruched-mini-dress-prod229870202
Three Floor,"Three Floor ""Florence"" jacquard dress in gingham pattern. Approx. 37.5""L from shoulder to hem. Halter neckline. Sleeveless. Keyhole front. A-line silhouette. Hem falls below the knee. Asymmetric ruffle hem. Polyester/cotton. Dry clean. Imported. Model is 5'10""/177cm and wearing size 2 US.","https://images.neimanmarcus.com/ca/2/product_assets/T/0/N/0/2/NMT0N02_mu.jpg,https://images.neimanmarcus.com/ca/2/product_assets/T/0/N/0/2/NMT0N02_au.jpg",Florence Gingham Asymmetric Halter Dress,prod229980108,"{'sku192980468': {'price': '194.50', 'old_prices': [], 'currency': '$', 'availability': True, 'color': 'BLACK/WHITE', 'size': '12'}, 'sku192980470': {'price': '194.50', 'old_prices': [], 'currency': '$', 'availability': True, 'color': 'BLACK/WHITE', 'size': '12'}, 'sku192980472': {'price': '194.50', 'old_prices': [], 'currency': '$', 'availability': True, 'color': 'BLACK/WHITE', 'size': '12'}, 'sku192980473': {'price': '194.50', 'old_prices': [], 'currency': '$', 'availability': True, 'color': 'BLACK/WHITE', 'size': '12'}, 'sku192980475': {'price': '194.50', 'old_prices': [], 'currency': '$', 'availability': True, 'color': 'BLACK/WHITE', 'size': '12'}, 'sku192980477': {'price': '194.50', 'old_prices': [], 'currency': '$', 'availability': True, 'color': 'BLACK/WHITE', 'size': '12'}, 'sku192980478': {'price': '194.50', 'old_prices': [], 'currency': '$', 'availability': True, 'color': 'BLACK/WHITE', 'size': '12'}}",https://www.neimanmarcus.com/p/three-floor-florence-gingham-asymmetric-halter-dress-prod229980108
Etro,"Etro dress in silk tulle with metallic embroidery. Crew neckline. Long sleeves. Deep scooped back. Structured shoulders. Fit-and-flare silhouette. Handkerchief hem. Back zip. Silk; self lining. Made in Italy. Model is 5'10""/177cm and wearing size 2 US.","https://images.neimanmarcus.com/ca/1/product_assets/B/5/J/T/P/NMB5JTP_au.jpg,https://images.neimanmarcus.com/ca/1/product_assets/B/5/J/T/P/NMB5JTP_mu.jpg",Silk Low-Back Handkerchief Dress,prod229850221,"{'sku192870874': {'price': '1384.50', 'old_prices': [], 'currency': '$', 'availability': False, 'color': 'GOLD', 'size': '48 IT (14 US)'}, 'sku192870876': {'price': '1384.50', 'old_prices': [], 'currency': '$', 'availability': False, 'color': 'GOLD', 'size': '48 IT (14 US)'}, 'sku192870880': {'price': '1384.50', 'old_prices': [], 'currency': '$', 'availability': False, 'color': 'GOLD', 'size': '48 IT (14 US)'}, 'sku192870884': {'price': '1384.50', 'old_prices': [], 'currency': '$', 'availability': False, 'color': 'GOLD', 'size': '48 IT (14 US)'}, 'sku192870889': {'price': '1384.50', 'old_prices': [], 'currency': '$', 'availability': False, 'color': 'GOLD', 'size': '48 IT (14 US)'}, 'sku192870892': {'price': '1384.50', 'old_prices': [], 'currency': '$', 'availability': False, 'color': 'GOLD', 'size': '48 IT (14 US)'}}",https://www.neimanmarcus.com/p/etro-silk-low-back-handkerchief-dress-prod229850221
Natori,"Natori cotton poplin top with embroidered sleeves. Approx. 32.5""L from shoulder to hem. Spread collar; button front. Three-quarter sleeves; button cuffs. Relaxed silhouette. Hem sits below hips. Cotton/spandex. Machine wash. Imported. Model is 5'10""/177cm and wearing size S.","https://images.neimanmarcus.com/ca/1/product_assets/T/0/M/3/L/NMT0M3L_mu.jpg,https://images.neimanmarcus.com/ca/1/product_assets/T/0/M/3/L/NMT0M3L_au.jpg",Embroidered Sleeve Cotton Poplin Top,prod229850566,"{'sku192872861': {'price': '173.50', 'old_prices': [], 'currency': '$', 'availability': True, 'color': 'FUCHSIA', 'size': 'X-Large'}, 'sku192872862': {'price': '173.50', 'old_prices': [], 'currency': '$', 'availability': True, 'color': 'FUCHSIA', 'size': 'X-Large'}, 'sku192872863': {'price': '173.50', 'old_prices': [], 'currency': '$', 'availability': True, 'color': 'FUCHSIA', 'size': 'X-Large'}, 'sku192872864': {'price': '173.50', 'old_prices': [], 'currency': '$', 'availability': True, 'color': 'FUCHSIA', 'size': 'X-Large'}, 'sku192872865': {'price': '173.50', 'old_prices': [], 'currency': '$', 'availability': True, 'color': 'FUCHSIA', 'size': 'X-Large'}}",https://www.neimanmarcus.com/p/natori-embroidered-sleeve-cotton-poplin-top-prod229850566
Etro,Etro suede belt. Detailed circular buckle. Made in Italy.,"https://images.neimanmarcus.com/ca/1/product_assets/D/3/N/E/W/NMD3NEW_au.jpg,https://images.neimanmarcus.com/ca/1/product_assets/D/3/N/E/W/NMD3NEW_mu.jpg",Wide Suede Belt,prod229850291,"{'sku192871150': {'price': '169.50', 'old_prices': [], 'currency': '$', 'availability': False, 'color': 'BEIGE', 'size': '36in / 90cm'}, 'sku192871152': {'price': '169.50', 'old_prices': [], 'currency': '$', 'availability': False, 'color': 'BEIGE', 'size': '36in / 90cm'}, 'sku192871153': {'price': '169.50', 'old_prices': [], 'currency': '$', 'availability': False, 'color': 'BEIGE', 'size': '36in / 90cm'}, 'sku192871154': {'price': '169.50', 'old_prices': [], 'currency': '$', 'availability': False, 'color': 'BEIGE', 'size': '36in / 90cm'}}",https://www.neimanmarcus.com/p/etro-wide-suede-belt-prod229850291
Dress The Population,"Dress The Population ""Thalia"" cocktail dress in lace overlay with draped shoulder detail. Approx. 39""L down center back. One-shoulder neckline. Sleeveless. Body-conscious silhouette. Hem falls below the knee. Skirt vented at back. Hidden side zipper. Polyester, self and lining. Hand wash. Imported. Model is 5'10""/177cm and wearing size S.","https://images.neimanmarcus.com/ca/1/product_assets/T/0/K/Q/0/NMT0KQ0_mu.jpg,https://images.neimanmarcus.com/ca/1/product_assets/T/0/K/Q/0/NMT0KQ0_au.jpg",Thalia One-Shoulder Lace Overlay Sheath Dress,prod229530971,"{'sku192590439': {'price': '133.50', 'old_prices': [], 'currency': '$', 'availability': True, 'color': 'WHITE', 'size': 'Medium'}, 'sku192590481': {'price': '133.50', 'old_prices': [], 'currency': '$', 'availability': True, 'color': 'WHITE', 'size': 'Medium'}, 'sku192590625': {'price': '133.50', 'old_prices': [], 'currency': '$', 'availability': True, 'color': 'WHITE', 'size': 'Medium'}, 'sku192590698': {'price': '133.50', 'old_prices': [], 'currency': '$', 'availability': True, 'color': 'WHITE', 'size': 'Medium'}, 'sku192590705': {'price': '133.50', 'old_prices': [], 'currency': '$', 'availability': True, 'color': 'WHITE', 'size': 'Medium'}, 'sku192600474': {'price': '133.50', 'old_prices': [], 'currency': '$', 'availability': True, 'color': 'WHITE', 'size': 'Medium'}, 'sku192600577': {'price': '133.50', 'old_prices': [], 'currency': '$', 'availability': True, 'color': 'WHITE', 'size': 'Medium'}}",https://www.neimanmarcus.com/p/dress-the-population-thalia-one-shoulder-lace-overlay-sheath-dress-prod229530971
Versace,Versace ankle boot in leopard-print dyed calf hair (Italy). Block heel; square toe. Buckle strap wraps around ankle. Pull-on style; tabbed backstay. Leather lining and outsole. Made in Italy.,"https://images.neimanmarcus.com/ca/1/product_assets/N/6/Y/W/3/NMN6YW3_bu.jpg,https://images.neimanmarcus.com/ca/1/product_assets/N/6/Y/W/3/NMN6YW3_cu.jpg,https://images.neimanmarcus.com/ca/1/product_assets/N/6/Y/W/3/NMN6YW3_au.jpg,https://images.neimanmarcus.com/ca/1/product_assets/N/6/Y/W/3/NMN6YW3_mu.jpg",Men's Leopard Calf Hair Ankle Boots,prod229280313,"{'sku192401396': {'price': '884.40', 'old_prices': [], 'currency': '$', 'availability': True, 'color': 'LEOPARD', 'size': '45 EU (12D US)'}, 'sku192401399': {'price': '884.40', 'old_prices': [], 'currency': '$', 'availability': True, 'color': 'LEOPARD', 'size': '45 EU (12D US)'}, 'sku192401402': {'price': '884.40', 'old_prices': [], 'currency': '$', 'availability': True, 'color': 'LEOPARD', 'size': '45 EU (12D US)'}, 'sku192401406': {'price': '884.40', 'old_prices': [], 'currency': '$', 'availability': True, 'color': 'LEOPARD', 'size': '45 EU (12D US)'}}",https://www.neimanmarcus.com/p/versace-mens-leopard-calf-hair-ankle-boots-prod229280313
Johnny Was,"Johnny Was ""Bracciana"" printed blouse with embroidery. Crew neckline; half button placket. Long sleeves. Relaxed silhouette. Pullover style. Silk. Dry clean. Imported. Model is 5'10""/177cm and wearing size S. Please note: This merchandise may have a distressed effect. It is a unique feature that enhances the product and is not considered a defect.","https://images.neimanmarcus.com/ca/1/product_assets/T/0/H/Y/Q/NMT0HYQ_mu.jpg,https://images.neimanmarcus.com/ca/1/product_assets/T/0/H/Y/Q/NMT0HYQ_au.jpg",Bracciana Embroidered Silk Blouse,prod229280140,"{'sku192400485': {'price': '154.50', 'old_prices': [], 'currency': '$', 'availability': False, 'color': 'WHITE PATTERN', 'size': 'XX-Large'}, 'sku192400488': {'price': '154.50', 'old_prices': [], 'currency': '$', 'availability': False, 'color': 'WHITE PATTERN', 'size': 'XX-Large'}, 'sku192400490': {'price': '154.50', 'old_prices': [], 'currency': '$', 'availability': False, 'color': 'WHITE PATTERN', 'size': 'XX-Large'}, 'sku192400492': {'price': '154.50', 'old_prices': [], 'currency': '$', 'availability': False, 'color': 'WHITE PATTERN', 'size': 'XX-Large'}, 'sku192400493': {'price': '154.50', 'old_prices': [], 'currency': '$', 'availability': False, 'color': 'WHITE PATTERN', 'size': 'XX-Large'}, 'sku192400495': {'price': '154.50', 'old_prices': [], 'currency': '$', 'availability': False, 'color': 'WHITE PATTERN', 'size': 'XX-Large'}}",https://www.neimanmarcus.com/p/johnny-was-bracciana-embroidered-silk-blouse-prod229280140
Misha,"Misha ""Sharlene"" jumpsuit in bonded crepe. Approx. 137""L down center back. Halter neckline. Sleeveless. Open back. Adjustable waist belt. Side slip pockets. Boot-cut legs. Polyester/spandex. Unlined. Dry clean. Imported. Model is 5'10""/177cm and wearing size 2 US.","https://images.neimanmarcus.com/ca/1/product_assets/T/0/L/E/C/NMT0LEC_mu.jpg,https://images.neimanmarcus.com/ca/1/product_assets/T/0/L/E/C/NMT0LEC_au.jpg",Sharlene Bonded Crepe Halter Jumpsuit,prod229720083,"{'sku192760462': {'price': '162.00', 'old_prices': [], 'currency': '$', 'availability': False, 'color': 'BLACK', 'size': '10'}, 'sku192760463': {'price': '162.00', 'old_prices': [], 'currency': '$', 'availability': False, 'color': 'BLACK', 'size': '10'}, 'sku192760466': {'price': '162.00', 'old_prices': [], 'currency': '$', 'availability': False, 'color': 'BLACK', 'size': '10'}, 'sku192760468': {'price': '162.00', 'old_prices': [], 'currency': '$', 'availability': False, 'color': 'BLACK', 'size': '10'}, 'sku192760470': {'price': '162.00', 'old_prices': [], 'currency': '$', 'availability': False, 'color': 'BLACK', 'size': '10'}, 'sku192760472': {'price': '162.00', 'old_prices': [], 'currency': '$', 'availability': False, 'color': 'BLACK', 'size': '10'}}",https://www.neimanmarcus.com/p/misha-sharlene-bonded-crepe-halter-jumpsuit-prod229720083
Johnny Was,"Johnny Was ""Cassie"" reversible kimono in printed silk. Shawl collar; open front. Three quarter sleeves. Relaxed silhouette. Hem hits below hips. Silk. Machine wash. Imported.","https://images.neimanmarcus.com/ca/2/product_assets/T/0/H/X/S/NMT0HXS_mu.jpg,https://images.neimanmarcus.com/ca/2/product_assets/T/0/H/X/S/NMT0HXS_cu.jpg,https://images.neimanmarcus.com/ca/2/product_assets/T/0/H/X/S/NMT0HXS_bu.jpg,https://images.neimanmarcus.com/ca/2/product_assets/T/0/H/X/S/NMT0HXS_au.jpg,https://images.neimanmarcus.com/ca/1/product_assets/T/0/H/X/S/NMT0HXS_eu.jpg",Plus Size Cassie Printed Silk Reversible Kimono,prod229280384,"{'sku192401804': {'price': '232.00', 'old_prices': [], 'currency': '$', 'availability': False, 'color': 'MULTI', 'size': '3X'}, 'sku192401805': {'price': '232.00', 'old_prices': [], 'currency': '$', 'availability': False, 'color': 'MULTI', 'size': '3X'}, 'sku192401806': {'price': '232.00', 'old_prices': [], 'currency': '$', 'availability': False, 'color': 'MULTI', 'size': '3X'}}",https://www.neimanmarcus.com/p/johnny-was-plus-size-cassie-printed-silk-reversible-kimono-prod229280384
MOTHER,"MOTHER ""The Neat"" stretch-denim jeans. Five-pocket style; signature ""M"" stitching on the back. Regular rise. Slim, straight leg. Cotton/spandex. Made in USA.","https://images.neimanmarcus.com/ca/2/product_assets/N/6/Z/W/5/NMN6ZW5_mu.jpg,https://images.neimanmarcus.com/ca/2/product_assets/N/6/Z/W/5/NMN6ZW5_bu.jpg,https://images.neimanmarcus.com/ca/1/product_assets/N/6/Z/W/5/NMN6ZW5_eu.jpg,https://images.neimanmarcus.com/ca/2/product_assets/N/6/Z/W/5/NMN6ZW5_au.jpg",Men's The Neat Slim-Straight Jeans,prod229540800,"{'sku192590969': {'price': '113.50', 'old_prices': [], 'currency': '$', 'availability': True, 'color': 'COLD SHOULDER', 'size': '36'}, 'sku192590970': {'price': '113.50', 'old_prices': [], 'currency': '$', 'availability': True, 'color': 'COLD SHOULDER', 'size': '36'}, 'sku192590974': {'price': '113.50', 'old_prices': [], 'currency': '$', 'availability': True, 'color': 'COLD SHOULDER', 'size': '36'}, 'sku192590976': {'price': '113.50', 'old_prices': [], 'currency': '$', 'availability': True, 'color': 'COLD SHOULDER', 'size': '36'}, 'sku192590980': {'price': '113.50', 'old_prices': [], 'currency': '$', 'availability': True, 'color': 'COLD SHOULDER', 'size': '36'}, 'sku192590981': {'price': '113.50', 'old_prices': [], 'currency': '$', 'availability': True, 'color': 'COLD SHOULDER', 'size': '36'}, 'sku192600548': {'price': '113.50', 'old_prices': [], 'currency': '$', 'availability': True, 'color': 'COLD SHOULDER', 'size': '36'}}",https://www.neimanmarcus.com/p/mother-mens-the-neat-slim-straight-jeans-prod229540800
Jovani,"Jovani scuba gown with structured ruffle accent at right shoulder. One-shoulder neckline. Sleeveless. Mermaid silhouette. Floor-length hem. Back zipper. Polyester, self/lining. Dry clean. Imported. Model is 5'10""/177cm and wearing size 2 US.","https://images.neimanmarcus.com/ca/1/product_assets/T/0/K/Q/B/NMT0KQB_au.jpg,https://images.neimanmarcus.com/ca/1/product_assets/T/0/K/Q/B/NMT0KQB_mu.jpg",One-Shoulder Mermaid Scuba Gown,prod229530966,"{'sku192600750': {'price': '279.50', 'old_prices': [], 'currency': '$', 'availability': True, 'color': 'FUCHSIA', 'size': '14'}, 'sku192600847': {'price': '279.50', 'old_prices': [], 'currency': '$', 'availability': True, 'color': 'FUCHSIA', 'size': '14'}, 'sku192600848': {'price': '279.50', 'old_prices': [], 'currency': '$', 'availability': True, 'color': 'FUCHSIA', 'size': '14'}, 'sku192600849': {'price': '279.50', 'old_prices': [], 'currency': '$', 'availability': True, 'color': 'FUCHSIA', 'size': '14'}, 'sku192600850': {'price': '279.50', 'old_prices': [], 'currency': '$', 'availability': True, 'color': 'FUCHSIA', 'size': '14'}, 'sku192600851': {'price': '279.50', 'old_prices': [], 'currency': '$', 'availability': True, 'color': 'FUCHSIA', 'size': '14'}, 'sku192600852': {'price': '279.50', 'old_prices': [], 'currency': '$', 'availability': True, 'color': 'FUCHSIA', 'size': '14'}, 'sku192600853': {'price': '279.50', 'old_prices': [], 'currency': '$', 'availability': True, 'color': 'FUCHSIA', 'size': '14'}}",https://www.neimanmarcus.com/p/jovani-one-shoulder-mermaid-scuba-gown-prod229530966
Johnny Was,"Johnny Was ""Avalon"" printed dress with slip included. Scoop neckline. Sleeveless. Shift silhouette. High-low hem. Pullover style. Silk. Machine wash. Imported. Model is 5'10""/177cm and wearing size S. Please note: This merchandise may have a distressed effect. It is a unique feature that enhances the product and is not considered a defect.","https://images.neimanmarcus.com/ca/1/product_assets/T/0/H/Y/T/NMT0HYT_au.jpg,https://images.neimanmarcus.com/ca/1/product_assets/T/0/H/Y/T/NMT0HYT_mu.jpg",Avalon Printed Sleeveless Dress w/ Slip,prod229280076,"{'sku192400206': {'price': '188.50', 'old_prices': [], 'currency': '$', 'availability': False, 'color': 'MULTI', 'size': 'XX-Large'}, 'sku192400207': {'price': '188.50', 'old_prices': [], 'currency': '$', 'availability': False, 'color': 'MULTI', 'size': 'XX-Large'}, 'sku192400208': {'price': '188.50', 'old_prices': [], 'currency': '$', 'availability': False, 'color': 'MULTI', 'size': 'XX-Large'}, 'sku192400209': {'price': '188.50', 'old_prices': [], 'currency': '$', 'availability': False, 'color': 'MULTI', 'size': 'XX-Large'}, 'sku192400210': {'price': '188.50', 'old_prices': [], 'currency': '$', 'availability': False, 'color': 'MULTI', 'size': 'XX-Large'}, 'sku192400211': {'price': '188.50', 'old_prices': [], 'currency': '$', 'availability': False, 'color': 'MULTI', 'size': 'XX-Large'}}",https://www.neimanmarcus.com/p/johnny-was-avalon-printed-sleeveless-dress-w-slip-prod229280076
Akris,"Akris skirt in windowpane plaid chiffon with pleated details. High rise. Pleated A-line silhouette. Calf length. Bak zip. Polyester/cotton/viscose. Imported. Model is 5'10""/177cm and wearing size 2 US.","https://images.neimanmarcus.com/ca/1/product_assets/B/5/E/R/B/NMB5ERB_au.jpg,https://images.neimanmarcus.com/ca/1/product_assets/B/5/E/R/B/NMB5ERB_mu.jpg",High-Rise Windowpane Midi Skirt,prod229040041,"{'sku192170058': {'price': '515.60', 'old_prices': [], 'currency': '$', 'availability': False, 'color': 'WHITE/BLACK', 'size': '14'}, 'sku192170059': {'price': '515.60', 'old_prices': [], 'currency': '$', 'availability': False, 'color': 'WHITE/BLACK', 'size': '14'}, 'sku192170060': {'price': '515.60', 'old_prices': [], 'currency': '$', 'availability': False, 'color': 'WHITE/BLACK', 'size': '14'}, 'sku192170061': {'price': '515.60', 'old_prices': [], 'currency': '$', 'availability': False, 'color': 'WHITE/BLACK', 'size': '14'}, 'sku192170062': {'price': '515.60', 'old_prices': [], 'currency': '$', 'availability': False, 'color': 'WHITE/BLACK', 'size': '14'}, 'sku192170063': {'price': '515.60', 'old_prices': [], 'currency': '$', 'availability': False, 'color': 'WHITE/BLACK', 'size': '14'}, 'sku192170064': {'price': '515.60', 'old_prices': [], 'currency': '$', 'availability': False, 'color': 'WHITE/BLACK', 'size': '14'}}",https://www.neimanmarcus.com/p/akris-high-rise-windowpane-midi-skirt-prod229040041
Akris,"Akris sweater in stretch crepe. Crew neckline. Half sleeves with slit detail. Straight hem. Fitted. Pullover style. Viscose/nylon/spandex. Imported. Model is 5'10""/177cm and wearing size 2 US.","https://images.neimanmarcus.com/ca/1/product_assets/B/5/D/1/N/NMB5D1N_bu.jpg,https://images.neimanmarcus.com/ca/1/product_assets/B/5/D/1/N/NMB5D1N_au.jpg,https://images.neimanmarcus.com/ca/1/product_assets/B/5/D/1/N/NMB5D1N_mu.jpg",1/2-Sleeve Fitted Sweater,prod229030494,"{'sku192161938': {'price': '995.00', 'old_prices': [], 'currency': '$', 'availability': False, 'color': 'SILVER', 'size': '14'}, 'sku192161942': {'price': '995.00', 'old_prices': [], 'currency': '$', 'availability': False, 'color': 'SILVER', 'size': '14'}, 'sku192161964': {'price': '995.00', 'old_prices': [], 'currency': '$', 'availability': False, 'color': 'SILVER', 'size': '14'}, 'sku192162009': {'price': '995.00', 'old_prices': [], 'currency': '$', 'availability': False, 'color': 'SILVER', 'size': '14'}, 'sku192162014': {'price': '995.00', 'old_prices': [], 'currency': '$', 'availability': False, 'color': 'SILVER', 'size': '14'}, 'sku192162060': {'price': '995.00', 'old_prices': [], 'currency': '$', 'availability': False, 'color': 'SILVER', 'size': '14'}, 'sku192162098': {'price': '995.00', 'old_prices': [], 'currency': '$', 'availability': False, 'color': 'SILVER', 'size': '14'}, 'sku192162100': {'price': '995.00', 'old_prices': [], 'currency': '$', 'availability': False, 'color': 'SILVER', 'size': '14'}, 'sku192162102': {'price': '995.00', 'old_prices': [], 'currency': '$', 'availability': False, 'color': 'SILVER', 'size': '14'}, 'sku192162105': {'price': '995.00', 'old_prices': [], 'currency': '$', 'availability': False, 'color': 'SILVER', 'size': '14'}, 'sku192162115': {'price': '995.00', 'old_prices': [], 'currency': '$', 'availability': False, 'color': 'SILVER', 'size': '14'}, 'sku192162125': {'price': '995.00', 'old_prices': [], 'currency': '$', 'availability': False, 'color': 'SILVER', 'size': '14'}, 'sku192162126': {'price': '995.00', 'old_prices': [], 'currency': '$', 'availability': False, 'color': 'SILVER', 'size': '14'}, 'sku192162167': {'price': '995.00', 'old_prices': [], 'currency': '$', 'availability': False, 'color': 'SILVER', 'size': '14'}, 'sku192162171': {'price': '995.00', 'old_prices': [], 'currency': '$', 'availability': False, 'color': 'SILVER', 'size': '14'}, 'sku192162173': {'price': '995.00', 'old_prices': [], 'currency': '$', 'availability': False, 'color': 'SILVER', 'size': '14'}, 'sku192162176': {'price': '995.00', 'old_prices': [], 'currency': '$', 'availability': False, 'color': 'SILVER', 'size': '14'}, 'sku192170937': {'price': '995.00', 'old_prices': [], 'currency': '$', 'availability': False, 'color': 'SILVER', 'size': '14'}, 'sku192170969': {'price': '995.00', 'old_prices': [], 'currency': '$', 'availability': False, 'color': 'SILVER', 'size': '14'}, 'sku192170972': {'price': '995.00', 'old_prices': [], 'currency': '$', 'availability': False, 'color': 'SILVER', 'size': '14'}, 'sku192170975': {'price': '995.00', 'old_prices': [], 'currency': '$', 'availability': False, 'color': 'SILVER', 'size': '14'}, 'sku192170989': {'price': '995.00', 'old_prices': [], 'currency': '$', 'availability': False, 'color': 'SILVER', 'size': '14'}}",https://www.neimanmarcus.com/p/akris-1-2-sleeve-fitted-sweater-prod229030494
